filename,Sensor,Date,Time_UTC,Min_Lon,Min_Lat,Max_Lon,Max_Lat,CRS,Width_px,Height_px,File_Size_KB,Plume_Area_km2,Plume_Intensity_ppm_m,Emission_Rate_kg_hr,methane_detected
ang20161008t203001-A_l3a-vis-ch4-mf-v3_plume_2016-10-08.tif,ang,20161008,203001,313576.5889450015,3925716.649728836,313892.7889449991,3926029.7497288454,EPSG:32611,102,101,3.2,,,,1
ang20161008t203001-C_l3a-ch4-mf-v1_concentrations_2016-10-08.tif,ang,20161008,203001,313517.688945,3925558.549728839,313768.788945,3925716.6497288393,EPSG:32611,81,51,16.62,,,,1
ang20161008t203001-C_l3a-vis-ch4-mf-v002_plume_2016-10-08.tif,ang,20161008,203001,313464.9889450018,3925487.249728836,313781.1889449994,3925803.4497288456,EPSG:32611,102,102,48.6,,,,1
ang20161008t203001-D_l3a-ch4-mf-v1_concentrations_2016-10-08.tif,ang,20161008,203001,313778.088945,3925453.1497288393,314196.58894499997,3925877.8497288395,EPSG:32611,135,137,72.77,,,,1
ang20161008t203001-D_l3a-vis-ch4-mf-v002_plume_2016-10-08.tif,ang,20161008,203001,313815.2889450024,3925481.0497288383,314159.38894499984,3925825.1497288486,EPSG:32611,111,111,48.92,,,,1
ang20161008t204651-C_l3a-vis-ch4-mf-v002_plume_2016-10-08.tif,ang,20161008,204651,313431.553663,3925503.7094808687,313731.553663,3925803.7094808687,EPSG:32611,100,100,39.84,,,,1
ang20161008t204651-D_l3a-vis-ch4-mf-v002_plume_2016-10-08.tif,ang,20161008,204651,313833.553663,3925296.7094808687,314220.553663,3925683.7094808687,EPSG:32611,129,129,65.8,,,,1
ang20161008t204651-E_l3a-vis-ch4-mf-v002_plume_2016-10-08.tif,ang,20161008,204651,313833.553663,3925296.7094808687,314220.553663,3925683.7094808687,EPSG:32611,129,129,65.8,,,,1
ang20161008t210116-A_l3a-ch4-mf-v1_concentrations_2016-10-08.tif,ang,20161008,210116,313665.81031699997,3925866.4350326443,313741.81031699997,3925938.4350326443,EPSG:32611,38,36,5.81,,,,1
ang20161008t210116-A_l3a-vis-ch4-mf-v002_plume_2016-10-08.tif,ang,20161008,210116,313599.81031699997,3925806.4350326443,313801.81031699997,3926008.4350326443,EPSG:32611,101,101,48.13,,,,1
ang20161008t210116-C_l3a-ch4-mf-v1_concentrations_2016-10-08.tif,ang,20161008,210116,313527.81031699997,3925508.4350326443,313757.81031699997,3925702.4350326443,EPSG:32611,115,97,44.07,,,,1
ang20161008t210116-C_l3a-vis-ch4-mf-v002_plume_2016-10-08.tif,ang,20161008,210116,313511.81031699997,3925416.4350326443,313857.81031699997,3925760.4350326443,EPSG:32611,173,172,119.78,,,,1
ang20161008t210604-A_l3a-ch4-mf-v1_concentrations_2016-10-08.tif,ang,20161008,210604,313676.9684850001,3925867.95824463,313754.9684850001,3925911.95824463,EPSG:32611,39,22,3.81,,,,1
ang20161008t210604-A_l3a-vis-ch4-mf-v002_plume_2016-10-08.tif,ang,20161008,210604,313616.9684850001,3925791.95824463,313816.9684850001,3925993.95824463,EPSG:32611,100,101,47.66,,,,1
ang20161008t210604-D_l3a-ch4-mf-v1_concentrations_2016-10-08.tif,ang,20161008,210604,313958.9684850001,3925229.95824463,314254.9684850001,3925599.95824463,EPSG:32611,148,185,107.5,,,,1
ang20161008t210604-D_l3a-vis-ch4-mf-v002_plume_2016-10-08.tif,ang,20161008,210604,313964.9684850001,3925315.95824463,314196.9684850001,3925547.95824463,EPSG:32611,116,116,53.35,,,,1
ang20161008t210604-E_l3a-ch4-mf-v1_concentrations_2016-10-08.tif,ang,20161008,210604,313538.9684850001,3925571.95824463,313642.9684850001,3925681.95824463,EPSG:32611,52,55,11.64,,,,1
ang20161008t210604-E_l3a-vis-ch4-mf-v002_plume_2016-10-08.tif,ang,20161008,210604,313482.9684850001,3925525.95824463,313682.9684850001,3925725.95824463,EPSG:32611,100,100,39.84,,,,1
ang20161008t212326-A_l3a-ch4-mf-v1_concentrations_2016-10-08.tif,ang,20161008,212326,313684.12590799987,3925846.233648383,313713.12590799987,3925911.233648383,EPSG:32611,29,65,7.83,,,,1
ang20161008t212326-A_l3a-vis-ch4-mf-v002_plume_2016-10-08.tif,ang,20161008,212326,313647.12590799987,3925834.233648383,313747.12590799987,3925935.233648383,EPSG:32611,100,101,47.66,,,,1
ang20161008t212326-C_l3a-ch4-mf-v1_concentrations_2016-10-08.tif,ang,20161008,212326,313575.12590799987,3925468.233648383,313889.12590799987,3925635.233648383,EPSG:32611,314,167,205.46,,,,1
ang20161008t212326-C_l3a-vis-ch4-mf-v002_plume_2016-10-08.tif,ang,20161008,212326,313581.12590799987,3925450.233648383,313794.12590799987,3925663.233648383,EPSG:32611,213,213,180.61,,,,1
ang20161008t212326-F_l3a-ch4-mf-v1_concentrations_2016-10-08.tif,ang,20161008,212326,313850.12590799987,3925325.233648383,314058.12590799987,3925670.233648383,EPSG:32611,208,345,281.0,,,,1
ang20161008t212326-F_l3a-vis-ch4-mf-v002_plume_2016-10-08.tif,ang,20161008,212326,313822.12590799987,3925367.233648383,314107.12590799987,3925652.233648383,EPSG:32611,285,285,320.5,,,,1
ang20161025t192916-B_l3a-ch4-mf-v1_concentrations_2016-10-25.tif,ang,20161025,192916,314855.64488000004,3927084.2472586324,315035.64488000004,3927258.2472586324,EPSG:32611,60,58,14.06,,,,1
ang20161025t192916-B_l3a-vis-ch4-mf-v002_plume_2016-10-25.tif,ang,20161025,192916,314792.64488000004,3927027.2472586324,315092.64488000004,3927330.2472586324,EPSG:32611,100,101,47.66,,,,1
ang20161025t193700-A_l3a-vis-ch4-mf-v3_plume_2016-10-25.tif,ang,20161025,193700,313808.58576099994,3925469.0514501915,314111.58576099994,3925769.0514501915,EPSG:32611,101,100,3.84,,,,1
ang20161025t193700-E_l3a-ch4-mf-v1_concentrations_2016-10-25.tif,ang,20161025,193700,313526.58576099994,3925640.0514501915,313640.58576099994,3925700.0514501915,EPSG:32611,38,20,3.43,,,,1
ang20161025t193700-E_l3a-vis-ch4-mf-v002_plume_2016-10-25.tif,ang,20161025,193700,313430.58576099994,3925520.0514501915,313733.58576099994,3925820.0514501915,EPSG:32611,101,100,40.23,,,,1
ang20161025t193700-F_l3a-ch4-mf-v1_concentrations_2016-10-25.tif,ang,20161025,193700,313655.58576099994,3925856.0514501915,313868.58576099994,3926078.0514501915,EPSG:32611,71,74,21.0,,,,1
ang20161025t193700-F_l3a-vis-ch4-mf-v002_plume_2016-10-25.tif,ang,20161025,193700,313619.58576099994,3925823.0514501915,313919.58576099994,3926126.0514501915,EPSG:32611,100,101,40.24,,,,1
ang20170902t191312-B_l3a-ch4-mf-v1_concentrations_2017-09-02.tif,ang,20170902,191312,315188.29052399995,3927020.2017006245,315225.4905239999,3927057.4017006247,EPSG:32611,12,12,1.03,,,,1
ang20170902t191312-B_l3a-vis-ch4-mf-v002_plume_2017-09-02.tif,ang,20170902,191312,314841.0905240017,3926905.501700623,315157.2905239993,3927221.7017006325,EPSG:32611,102,102,48.6,,,,1
ang20170902t210014-C_l3a-ime-ch4-mf-v1_ime-cmf-concentrations_2017-09-02.tif,ang,20170902,210014,808991.3421230001,3908983.045560911,809391.2421230001,3909382.9455609107,EPSG:32610,129,129,68.84,,,,1
ang20170902t210014-C_l3a-vis-ch4-mf-v002_plume_2017-09-02.tif,ang,20170902,210014,809040.9421230017,3909007.845560909,809354.0421229993,3909320.945560918,EPSG:32610,101,101,48.13,,,,1
ang20180922t212002-B_l3a-vis-ch4-mf-v002_plume_2018-09-22.tif,ang,20180922,212002,277944.97727299994,3894671.1338773053,278244.97727299994,3894974.1338773053,EPSG:32611,100,101,47.66,,,,1
ang20200709t214232-B_l3a-ch4-mf-v1_concentrations_2020-07-09.tif,ang,20200709,214232,314814.331067,3926957.8490423504,315008.631067,3927131.8490423504,EPSG:32611,67,60,16.17,,,,1
ang20200709t214232-B_l3a-vis-ch4-mf-v002_plume_2020-07-09.tif,ang,20200709,214232,314767.9310669981,3926905.6490423526,315063.7310670005,3927198.549042343,EPSG:32611,102,101,48.6,,,,1
ang20200714t185842-B_l3a-ch4-mf-v1_concentrations_2020-07-14.tif,ang,20200714,185842,278059.159567,3894751.9756543953,278195.55956699996,3894913.1756543955,EPSG:32611,44,52,9.41,,,,1
ang20200714t185842-B_l3a-vis-ch4-mf-v002_plume_2020-07-14.tif,ang,20200714,185842,277972.3595670015,3894665.175654393,278288.55956699915,3894978.2756544026,EPSG:32611,102,101,48.6,,,,1
ang20200714t205802-A_l3a-ch4-mf-v1_concentrations_2020-07-14.tif,ang,20200714,205802,314811.14102899993,3926953.728299835,315009.54102899996,3927161.728299835,EPSG:32611,62,65,16.21,,,,1
ang20200714t205802-A_l3a-vis-ch4-mf-v002_plume_2020-07-14.tif,ang,20200714,205802,314750.3410289991,3926889.7282998296,315073.54102900025,3927212.9282998485,EPSG:32611,101,101,48.13,,,,1
ang20200722t205946-A_l3a-ime-ch4-mf-v1_ime-cmf-concentrations_2020-07-22.tif,ang,20200722,205946,277365.4897660001,3895128.2234010175,277597.9897660001,3895360.7234010175,EPSG:32611,75,75,22.71,,,,1
ang20200722t205946-A_l3a-vis-ch4-mf-v002_plume_2020-07-22.tif,ang,20200722,205946,277306.58976600156,3895115.8234010143,277622.7897659992,3895432.023401024,EPSG:32611,102,102,48.6,,,,1
ang20200723t201724-A_l3a-ime-ch4-mf-v1_ime-cmf-concentrations_2020-07-23.tif,ang,20200723,201724,277871.66992799996,3894579.180556174,278444.66992799996,3895152.180556174,EPSG:32611,191,191,150.16,,,,1
ang20200723t201724-A_l3a-vis-ch4-mf-v002_plume_2020-07-23.tif,ang,20200723,201724,277916.66992799996,3894753.180556174,278216.66992799996,3895056.180556174,EPSG:32611,100,101,47.66,,,,1
ang20200828t214929-B_l3a-ch4-mf-v1_concentrations_2020-08-28.tif,ang,20200828,214929,314799.59844100004,3926938.595111617,315049.198441,3927191.3951116167,EPSG:32611,78,79,24.56,,,,1
ang20200828t214929-B_l3a-vis-ch4-mf-v002_plume_2020-08-28.tif,ang,20200828,214929,314751.59844099905,3926893.7951116115,315074.7984410002,3927220.1951116305,EPSG:32611,101,102,48.13,,,,1
ang20220520t181509-B_l3a-ch4-mf-v1_concentrations_2022-05-20.tif,ang,20220520,181509,313528.85082000005,3925651.507457354,313593.25082,3925769.1074573537,EPSG:32611,23,42,4.24,,,,1
ang20220520t181509-B_l3a-vis-ch4-mf-v002_plume_2022-05-20.tif,ang,20220520,181509,313416.85082000075,3925575.907457359,313699.6508199996,3925855.9074573405,EPSG:32611,101,100,40.23,,,,1
ang20220520t185319-B_l3a-ch4-mf-v1_concentrations_2022-05-20.tif,ang,20220520,185319,809084.9827769999,3908915.012954471,809367.782777,3909301.412954471,EPSG:32610,101,138,54.95,,,,1
ang20220520t185319-B_l3a-vis-ch4-mf-v002_plume_2022-05-20.tif,ang,20220520,185319,809023.3827769943,3908901.0129544726,809437.7827770011,3909315.412954445,EPSG:32610,148,148,86.38,,,,1
ang20220523t191435-B_l3a-ch4-mf-v1_concentrations_2022-05-23.tif,ang,20220523,191435,263356.7422480001,3906445.3240673235,263869.7422480001,3907117.6240673237,EPSG:32611,190,249,185.41,,,,1
ang20220523t191435-B_l3a-vis-ch4-mf-v002_plume_2022-05-23.tif,ang,20220523,191435,263227.14224799804,3906491.2240673215,263845.4422480007,3907112.2240673644,EPSG:32611,229,230,208.45,,,,1
ang20220523t191435-C_l3a-ch4-mf-v1_concentrations_2022-05-23.tif,ang,20220523,191435,263356.7422480001,3906445.3240673235,263869.7422480001,3907117.6240673237,EPSG:32611,190,249,185.41,,,,1
ang20220523t191435-C_l3a-vis-ch4-mf-v002_plume_2022-05-23.tif,ang,20220523,191435,263227.14224799804,3906491.2240673215,263845.4422480007,3907112.2240673644,EPSG:32611,229,230,208.45,,,,1
ang20220523t192554-E_l3a-ch4-mf-v1_concentrations_2022-05-23.tif,ang,20220523,192554,263366.31856700004,3906826.1316356235,263649.81856700004,3907082.631635624,EPSG:32611,105,95,39.46,,,,1
ang20220523t192554-E_l3a-vis-ch4-mf-v002_plume_2022-05-23.tif,ang,20220523,192554,263347.418566999,3906858.53163562,263620.1185670002,3907133.931635639,EPSG:32611,101,102,41.03,,,,1
ang20220523t193759-C_l3a-ch4-mf-v1_concentrations_2022-05-23.tif,ang,20220523,193759,263378.201697,3906417.0690392666,263739.401697,3907089.0690392666,EPSG:32611,129,240,121.49,,,,1
ang20220523t193759-C_l3a-vis-ch4-mf-v002_plume_2022-05-23.tif,ang,20220523,193759,263319.40169700107,3906758.669039268,263649.8016969997,3907091.869039246,EPSG:32611,118,119,55.64,,,,1
av320250109t203204-E_l3a-ime-ch4-mfa-v3_ime-cmf-concentrations_2025-01-09.tif,av3,20250109,203204,255918.73319270794,3912160.6821129117,256112.23319270794,3912354.1821129117,EPSG:32611,45,45,8.62,,,,1
av320250109t203204-E_l3a-vis-ch4-mfa-v3_plume_2025-01-09.tif,av3,20250109,203204,255738.13319270877,3912087.5821129135,256172.4331927076,3912526.1821128945,EPSG:32611,101,102,6.95,,,,1
av320250109t210610-F_l3a-ime-ch4-mfa-v3_ime-cmf-concentrations_2025-01-09.tif,av3,20250109,210610,273569.48501510796,3889772.685718946,273766.885015108,3889970.085718946,EPSG:32611,47,47,9.35,,,,1
av320250109t210610-F_l3a-vis-ch4-mfa-v3_plume_2025-01-09.tif,av3,20250109,210610,273388.8850151071,3889734.8857189403,273817.2850151083,3890163.2857189593,EPSG:32611,102,102,4.66,,,,1
av320250109t211902-B_l3a-ime-ch4-mfa-v3_ime-cmf-concentrations_2025-01-09.tif,av3,20250109,211902,277364.0752905814,3895147.161239232,277566.17529058136,3895349.261239232,EPSG:32611,47,47,9.35,,,,1
av320250109t211902-B_l3a-vis-ch4-mfa-v3_plume_2025-01-09.tif,av3,20250109,211902,277217.8752905822,3895043.9612392397,277647.875290581,3895473.961239221,EPSG:32611,100,100,3.34,,,,1
av320250110t202136-A_l3a-ime-ch4-mfa-v3_ime-cmf-concentrations_2025-01-10.tif,av3,20250110,202136,277365.8249964482,3895109.9841084247,277511.5249964482,3895255.684108425,EPSG:32611,31,31,4.46,,,,1
av320250110t202136-A_l3a-vis-ch4-mfa-v3_plume_2025-01-10.tif,av3,20250110,202136,277126.12499644735,3894931.3841084186,277600.82499644853,3895406.0841084374,EPSG:32611,101,101,4.5,,,,1
av320250110t203054-C_l3a-ime-ch4-mfa-v3_ime-cmf-concentrations_2025-01-10.tif,av3,20250110,203054,273591.42604046315,3889791.2986824242,273752.42604046315,3889952.2986824242,EPSG:32611,35,35,5.49,,,,1
av320250110t203054-C_l3a-vis-ch4-mfa-v3_plume_2025-01-10.tif,av3,20250110,203054,273416.62604046456,3889657.8986824206,273881.2260404622,3890122.49868243,EPSG:32611,101,101,3.62,,,,1
av320250915t182950-D_l3a-ime-ch4-mfa-v3_ime-cmf-concentrations_2025-09-15.tif,av3,20250915,182950,824338.6595747733,3889756.099781389,824416.9595747733,3889834.3997813887,EPSG:32610,27,27,3.55,,,,1
av320250915t182950-D_l3a-vis-ch4-mfa-v3_plume_2025-09-15.tif,av3,20250915,182950,824196.5595747717,3889674.8997813924,824489.459574774,3889967.799781383,EPSG:32610,101,101,3.72,,,,1
av320250915t182950-E_l3a-ime-ch4-mfa-v3_ime-cmf-concentrations_2025-09-15.tif,av3,20250915,182950,824263.2595747733,3889715.4997813883,824358.9595747732,3889811.1997813885,EPSG:32610,33,33,4.96,,,,1
av320250915t182950-E_l3a-vis-ch4-mfa-v3_plume_2025-09-15.tif,av3,20250915,182950,824147.2595747714,3889645.899781391,824440.1595747737,3889941.6997813815,EPSG:32610,101,102,4.82,,,,1
av320250915t182950-G_l3a-ime-ch4-mfa-v3_ime-cmf-concentrations_2025-09-15.tif,av3,20250915,182950,820356.9595747732,3892635.7997813886,820504.8595747732,3892783.6997813885,EPSG:32610,51,51,10.88,,,,1
av320250915t182950-G_l3a-vis-ch4-mfa-v3_plume_2025-09-15.tif,av3,20250915,182950,820252.5595747717,3892574.8997813915,820545.459574774,3892867.799781382,EPSG:32610,101,101,4.76,,,,1
av320250915t184131-B_l3a-ime-ch4-mfa-v3_ime-cmf-concentrations_2025-09-15.tif,av3,20250915,184131,832927.900469322,3884164.5558639127,833044.900469322,3884281.5558639127,EPSG:32610,39,39,6.65,,,,1
av320250915t184131-B_l3a-vis-ch4-mfa-v3_plume_2025-09-15.tif,av3,20250915,184131,832822.900469322,3884056.5558639127,833125.900469322,3884359.5558639127,EPSG:32610,101,101,4.43,,,,1
av320250915t184131-C_l3a-ime-ch4-mfa-v3_ime-cmf-concentrations_2025-09-15.tif,av3,20250915,184131,820333.900469322,3892615.5558639127,820522.900469322,3892804.5558639127,EPSG:32610,63,63,16.23,,,,1
av320250915t184131-C_l3a-vis-ch4-mfa-v3_plume_2025-09-15.tif,av3,20250915,184131,820246.900469322,3892552.5558639127,820549.900469322,3892855.5558639127,EPSG:32610,101,101,5.51,,,,1
av320250915t185259-D_l3a-ime-ch4-mfa-v3_ime-cmf-concentrations_2025-09-15.tif,av3,20250915,185259,808962.7364428821,3909012.9453800996,809367.7364428821,3909417.9453800996,EPSG:32610,135,135,72.0,,,,1
av320250915t185259-D_l3a-vis-ch4-mfa-v3_plume_2025-09-15.tif,av3,20250915,185259,809016.7364428821,3909039.9453800996,809328.7364428821,3909354.9453800996,EPSG:32610,104,105,10.02,,,,1
av320250915t185259-E_l3a-ime-ch4-mfa-v3_ime-cmf-concentrations_2025-09-15.tif,av3,20250915,185259,808992.7364428821,3909000.9453800996,809397.7364428821,3909405.9453800996,EPSG:32610,135,135,72.0,,,,1
av320250915t185259-E_l3a-vis-ch4-mfa-v3_plume_2025-09-15.tif,av3,20250915,185259,809016.7364428821,3909039.9453800996,809328.7364428821,3909354.9453800996,EPSG:32610,104,105,10.01,,,,1
av320250915t185259-F_l3a-ime-ch4-mfa-v3_ime-cmf-concentrations_2025-09-15.tif,av3,20250915,185259,809049.7364428821,3908979.9453800996,809412.7364428821,3909342.9453800996,EPSG:32610,121,121,61.3,,,,1
av320250915t185259-F_l3a-vis-ch4-mfa-v3_plume_2025-09-15.tif,av3,20250915,185259,809016.7364428821,3909039.9453800996,809328.7364428821,3909354.9453800996,EPSG:32610,104,105,10.0,,,,1
av320250915t185259-K_l3a-ime-co2-mfal-v3_ime-cmf-concentrations_2025-09-15.tif,av3,20250915,185259,810762.7364428821,3905937.9453800996,811167.7364428821,3906342.9453800996,EPSG:32610,135,135,72.0,,,,1
av320250915t185259-K_l3a-vis-co2-mfa-v3_plume_2025-09-15.tif,av3,20250915,185259,810834.7364428821,3905940.9453800996,811137.7364428821,3906243.9453800996,EPSG:32610,101,101,5.41,,,,1
av320250915t185259-L_l3a-ime-ch4-mfa-v3_ime-cmf-concentrations_2025-09-15.tif,av3,20250915,185259,801351.7364428821,3913896.9453800996,801552.7364428821,3914097.9453800996,EPSG:32610,67,67,18.28,,,,1
av320250915t185259-L_l3a-vis-ch4-mfa-v3_plume_2025-09-15.tif,av3,20250915,185259,801270.7364428821,3913842.9453800996,801573.7364428821,3914145.9453800996,EPSG:32610,101,101,4.88,,,,1
av320250915t190342-C_l3a-ime-ch4-mfa-v3_ime-cmf-concentrations_2025-09-15.tif,av3,20250915,190342,824467.8232646921,3897936.8466667584,824560.8232646921,3898029.8466667584,EPSG:32610,31,31,4.46,,,,1
av320250915t190342-C_l3a-vis-ch4-mfa-v3_plume_2025-09-15.tif,av3,20250915,190342,824350.8232646921,3897825.8466667584,824650.8232646921,3898128.8466667584,EPSG:32610,100,101,3.04,,,,1
av320250915t190342-H_l3a-ime-ch4-mfa-v3_ime-cmf-concentrations_2025-09-15.tif,av3,20250915,190342,823837.8232646921,3898224.8466667584,823996.8232646921,3898383.8466667584,EPSG:32610,53,53,11.7,,,,1
av320250915t190342-H_l3a-vis-ch4-mfa-v3_plume_2025-09-15.tif,av3,20250915,190342,823762.8232646921,3898185.8466667584,824065.8232646921,3898488.8466667584,EPSG:32610,101,101,3.68,,,,1
av320250915t210348-A_l3a-ime-ch4-mfa-v3_ime-cmf-concentrations_2025-09-15.tif,av3,20250915,210348,794478.9339246217,3949815.360721515,794686.6339246216,3950023.060721515,EPSG:32610,67,67,24.3,,,,1
av320250915t210348-A_l3a-vis-ch4-mfa-v3_plume_2025-09-15.tif,av3,20250915,210348,794401.4339246233,3949722.3607215127,794714.533924621,3950038.560721522,EPSG:32610,101,102,4.15,,,,1
av320250915t210348-B_l3a-ime-ch4-mfa-v3_ime-cmf-concentrations_2025-09-15.tif,av3,20250915,210348,791251.8339246217,3953355.560721515,791471.9339246217,3953575.6607215153,EPSG:32610,71,71,20.43,,,,1
av320250915t210348-B_l3a-vis-ch4-mfa-v3_plume_2025-09-15.tif,av3,20250915,210348,791177.4339246235,3953293.5607215133,791490.5339246212,3953606.6607215228,EPSG:32610,101,101,6.56,,,,1
av320250915t214138-B_l3a-ime-ch4-mfa-v3_ime-cmf-concentrations_2025-09-15.tif,av3,20250915,214138,313390.25097128825,3925488.5790352197,313728.15097128827,3925826.4790352196,EPSG:32611,109,109,54.44,,,,1
av320250915t214138-B_l3a-vis-ch4-mfa-v3_plume_2025-09-15.tif,av3,20250915,214138,313452.25097129,3925460.679035217,313765.35097128764,3925773.7790352264,EPSG:32611,101,101,5.87,,,,1
av320250915t214138-C_l3a-ime-ch4-mfa-v3_ime-cmf-concentrations_2025-09-15.tif,av3,20250915,214138,314896.8509712882,3927047.8790352196,315067.3509712882,3927218.3790352196,EPSG:32611,55,55,12.54,,,,1
av320250915t214138-C_l3a-vis-ch4-mfa-v3_plume_2025-09-15.tif,av3,20250915,214138,314806.9509712899,3926942.4790352173,315120.05097128754,3927258.679035227,EPSG:32611,101,102,4.98,,,,1
av320250915t214138-G_l3a-ime-co2-mfal-v3_ime-cmf-concentrations_2025-09-15.tif,av3,20250915,214138,314819.3509712882,3926480.5790352193,315089.05097128823,3926750.2790352195,EPSG:32611,87,87,30.32,,,,1
av320250915t214138-G_l3a-vis-co2-mfa-v3_plume_2025-09-15.tif,av3,20250915,214138,314806.95097128977,3926446.4790352187,315120.0509712874,3926759.579035228,EPSG:32611,101,101,5.12,,,,1
av320250915t214138-H_l3a-ime-co2-mfal-v3_ime-cmf-concentrations_2025-09-15.tif,av3,20250915,214138,314757.3509712882,3926458.879035219,315213.05097128823,3926914.5790352193,EPSG:32611,147,147,90.43,,,,1
av320250915t214138-H_l3a-vis-co2-mfa-v3_plume_2025-09-15.tif,av3,20250915,214138,314806.95097128977,3926443.3790352186,315120.0509712874,3926759.579035228,EPSG:32611,101,102,5.27,,,,1
emi20230223t191826p12034-A_l3a-ime-ch4-mfa-v3_ime-cmf-concentrations_2023-02-23.tif,emi,20230223,191826,382437.89207027573,6511982.64386275,383720.09718561784,6513264.848978093,EPSG:32720,23,23,2.77,,,,1
emi20230223t191826p12034-A_l3a-vis-ch4-mfa-v3_plume_2023-02-23.tif,emi,20230223,191826,379984.97793657903,6510254.454359481,385671.27888287674,6515940.755305737,EPSG:32720,102,102,3.44,,,,1
emi20230928t125007p08058-A_l3a-ime-ch4-mfa-v3_ime-cmf-concentrations_2023-09-28.tif,emi,20230928,125007,582101.7867529512,6142015.812674661,583668.316115125,6143582.342036835,EPSG:32721,29,29,3.99,,,,1
emi20230928t125007p08058-A_l3a-vis-ch4-mfa-v3_plume_2023-09-28.tif,emi,20230928,125007,580103.1113598305,6139909.100773797,585558.9550005082,6145364.94441451,EPSG:32721,101,101,5.23,,,,1
emi20240308t132102p09010-A_l3a-ime-ch4-mfa-v3_ime-cmf-concentrations_2024-03-08.tif,emi,20240308,132102,382768.07052915846,6512289.0196,383492.54137403314,6513013.490444875,EPSG:32720,13,13,1.37,,,,1
emi20240308t132102p09010-A_l3a-vis-ch4-mfa-v3_plume_2024-03-08.tif,emi,20240308,132102,380260.2868353623,6509279.67916744,385888.86801477196,6514908.260346862,EPSG:32720,101,101,3.77,,,,1
emi20250105t132222p09013-A_l3a-ime-ch4-mfa-v3_ime-cmf-concentrations_2025-01-05.tif,emi,20250105,132222,382567.36471581575,6511846.644008653,383962.1231534477,6513241.402446285,EPSG:32720,25,25,3.15,,,,1
emi20250105t132222p09013-A_l3a-vis-ch4-mfa-v3_plume_2025-01-05.tif,emi,20250105,132222,380335.75121560425,6509112.917470911,386026.3656411433,6514747.741558897,EPSG:32720,102,101,4.06,,,,1
emi20250113t181315p11020-A_l3a-ime-ch4-mfa-v3_ime-cmf-concentrations_2025-01-13.tif,emi,20250113,181315,382125.7704756841,6511534.4586080955,383725.44020298077,6513134.128335392,EPSG:32720,29,29,3.99,,,,1
emi20250113t181315p11020-A_l3a-vis-ch4-mfa-v3_plume_2025-01-13.tif,emi,20250113,181315,379422.8802468032,6509493.500680175,384994.1437798024,6515064.76421315,EPSG:32720,101,101,4.5,,,,1
emi20250115t163712p10034-A_l3a-ime-ch4-mfa-v3_ime-cmf-concentrations_2025-01-15.tif,emi,20250115,163712,581931.4284022214,6142344.4562230315,583494.9910428391,6143908.018863649,EPSG:32721,29,29,3.99,,,,1
emi20250115t163712p10034-A_l3a-vis-ch4-mfa-v3_plume_2025-01-15.tif,emi,20250115,163712,578696.4712147359,6140996.557394909,584195.8984334611,6146495.984613646,EPSG:32721,102,102,5.11,,,,1
emi20250902t141557p09007-A_l3a-ime-ch4-mfa-v3_ime-cmf-concentrations_2025-09-02.tif,emi,20250902,141557,381615.6144714734,6510942.995446441,383680.80953698384,6513008.190511951,EPSG:32720,37,37,6.05,,,,1
emi20250902t141557p09007-A_l3a-vis-ch4-mfa-v3_plume_2025-09-02.tif,emi,20250902,141557,379438.78724026104,6508431.271718107,385132.02769112546,6514124.512169007,EPSG:32720,102,102,4.23,,,,1
GAO20201110t210623p0000-3_l3a-ch4-mf-v1_concentrations_2020-11-10.tif,gao,20201110,210623,263268.0,3906900.0,263556.0,3907233.0,EPSG:32611,64,74,18.98,,,,1
GAO20201110t210623p0000-3_l3a-vis-ch4-mf-v002_plume_2020-11-10.tif,gao,20201110,210623,263218.5,3906832.5,263673.0,3907282.5,EPSG:32611,101,100,40.23,,,,1
GAO20201116t202945p0000-4_l3a-ch4-mf-v1_concentrations_2020-11-16.tif,gao,20201116,202945,263155.5,3906693.0,263565.0,3907125.0,EPSG:32611,91,96,34.62,,,,1
GAO20201116t202945p0000-4_l3a-vis-ch4-mf-v002_plume_2020-11-16.tif,gao,20201116,202945,263169.0,3906684.0,263632.5,3907147.5,EPSG:32611,103,103,42.22,,,,1
GAO20201121t203403p0000-A_l3a-ch4-mf-v1_concentrations_2020-11-21.tif,gao,20201121,203403,263389.5,3906913.5,263542.5,3907062.0,EPSG:32611,34,33,4.85,,,,1
GAO20201121t203403p0000-A_l3a-vis-ch4-mf-v002_plume_2020-11-21.tif,gao,20201121,203403,263263.5,3906670.5,263713.5,3907120.5,EPSG:32611,100,100,39.84,,,,1
GAO20201122t201730p0000-A_l3a-ch4-mf-v1_concentrations_2020-11-22.tif,gao,20201122,201730,263376.0,3906927.0,263578.5,3907116.0,EPSG:32611,45,42,7.85,,,,1
GAO20201122t201730p0000-A_l3a-vis-ch4-mf-v002_plume_2020-11-22.tif,gao,20201122,201730,263250.0,3906792.0,263704.5,3907246.5,EPSG:32611,101,101,48.13,,,,1
GAO20201123t183901p0000-A_l3a-ch4-mf-v1_concentrations_2020-11-23.tif,gao,20201123,183901,248274.0,3952039.5,248431.5,3952269.0,EPSG:32611,35,51,7.44,,,,1
GAO20201123t183901p0000-A_l3a-vis-ch4-mf-v002_plume_2020-11-23.tif,gao,20201123,183901,248134.5,3951922.5,248589.0,3952377.0,EPSG:32611,101,101,48.13,,,,1
GAO20201123t194126p0000-A_l3a-ch4-mf-v1_concentrations_2020-11-23.tif,gao,20201123,194126,263389.5,3906900.0,263569.5,3907089.0,EPSG:32611,40,42,7.03,,,,1
GAO20201123t194126p0000-A_l3a-vis-ch4-mf-v002_plume_2020-11-23.tif,gao,20201123,194126,263236.5,3906765.0,263686.5,3907219.5,EPSG:32611,100,101,47.66,,,,1
GAO20211105t175006p0000-A_l3a-ch4-mf-v1_concentrations_2021-11-05.tif,gao,20211105,175006,314825.0,3926986.0,314996.5,3927136.5,EPSG:32611,49,43,8.7,,,,1
GAO20211105t175006p0000-A_l3a-vis-ch4-mf-v002_plume_2021-11-05.tif,gao,20211105,175006,314734.0,3926881.0,315087.5,3927234.5,EPSG:32611,101,101,48.13,,,,1
GAO20211105t194629p0000-A_l3a-ch4-mf-v1_concentrations_2021-11-05.tif,gao,20211105,194629,263182.5,3906910.0,263546.5,3907277.5,EPSG:32611,104,105,43.15,,,,1
GAO20211105t194629p0000-A_l3a-vis-ch4-mf-v002_plume_2021-11-05.tif,gao,20211105,194629,263172.0,3906882.0,263560.5,3907270.5,EPSG:32611,111,111,48.92,,,,1
GAO20211108t195237p0000-B_l3a-ch4-mf-v1_concentrations_2021-11-08.tif,gao,20211108,195237,263200.0,3906892.5,263536.0,3907281.0,EPSG:32611,96,111,42.12,,,,1
GAO20211108t195237p0000-B_l3a-vis-ch4-mf-v002_plume_2021-11-08.tif,gao,20211108,195237,263158.0,3906878.5,263585.0,3907309.0,EPSG:32611,122,123,59.41,,,,1
GAO20211112t180957p0000-A_l3a-ch4-mf-v1_concentrations_2021-11-12.tif,gao,20211112,180957,313484.5,3925558.0,313624.5,3925740.0,EPSG:32611,40,52,8.6,,,,1
GAO20211112t180957p0000-A_l3a-vis-ch4-mf-v002_plume_2021-11-12.tif,gao,20211112,180957,313379.5,3925463.5,313733.0,3925813.5,EPSG:32611,101,100,40.23,,,,1
GAO20211112t205213p0000-A_l3a-ch4-mf-v1_concentrations_2021-11-12.tif,gao,20211112,205213,262846.5,3905912.5,263550.0,3907081.5,EPSG:32611,201,334,262.9,,,,1
GAO20211112t205213p0000-A_l3a-vis-ch4-mf-v002_plume_2021-11-12.tif,gao,20211112,205213,263081.0,3906528.5,263665.5,3907109.5,EPSG:32611,167,166,109.12,,,,1
GAO20211113t184257p0000-A_l3a-ch4-mf-v1_concentrations_2021-11-13.tif,gao,20211113,184257,313470.5,3925673.5,313628.0,3926037.5,EPSG:32611,45,104,18.76,,,,1
GAO20211113t184257p0000-A_l3a-vis-ch4-mf-v002_plume_2021-11-13.tif,gao,20211113,184257,313355.0,3925701.5,313736.5,3926079.5,EPSG:32611,109,108,46.77,,,,1
GAO20230612t171222p0000-C_l3a-ch4-mf-v1_concentrations_2023-06-12.tif,gao,20230612,171222,859365.5,3932334.0,859488.0,3932505.5,EPSG:32610,35,49,7.16,,,,1
GAO20230612t171222p0000-C_l3a-vis-ch4-mf-v002_plume_2023-06-12.tif,gao,20230612,171222,859267.5,3932253.5,859621.0,3932603.5,EPSG:32610,101,100,40.23,,,,1
GAO20230612t172337p0000-A_l3a-ch4-mf-v1_concentrations_2023-06-12.tif,gao,20230612,172337,858081.0,3930815.0,858224.5,3930916.5,EPSG:32610,41,29,5.11,,,,1
GAO20230612t172337p0000-A_l3a-vis-ch4-mf-v002_plume_2023-06-12.tif,gao,20230612,172337,857979.5,3930692.5,858329.5,3931046.0,EPSG:32610,100,101,47.66,,,,1
GAO20230612t191653p0000-E_l3a-ime-ch4-mf-v1_ime-cmf-concentrations_2023-06-12.tif,gao,20230612,191653,808839.5,3908908.5,809417.0,3909486.0,EPSG:32610,165,165,109.15,,,,1
GAO20230612t191653p0000-E_l3a-vis-ch4-mf-v002_plume_2023-06-12.tif,gao,20230612,191653,808804.5,3908884.0,809305.0,3909381.0,EPSG:32610,143,142,86.84,,,,1
GAO20230614t191729p0000-E_l3a-ime-ch4-mf-v1_ime-cmf-concentrations_2023-06-14.tif,gao,20230614,191729,824316.5,3897670.0,824887.0,3898240.5,EPSG:32610,163,163,107.84,,,,1
GAO20230614t191729p0000-E_l3a-vis-ch4-mf-v002_plume_2023-06-14.tif,gao,20230614,191729,824379.5,3897806.5,824729.5,3898160.0,EPSG:32610,100,101,47.66,,,,1
GAO20230614t193553p0000-C_l3a-ch4-mf-v1_concentrations_2023-06-14.tif,gao,20230614,193553,809004.0,3908968.0,809284.0,3909283.0,EPSG:32610,80,90,28.61,,,,1
GAO20230614t193553p0000-C_l3a-vis-ch4-mf-v002_plume_2023-06-14.tif,gao,20230614,193553,808979.5,3908975.0,809333.0,3909325.0,EPSG:32610,101,100,40.23,,,,1
GAO20230614t193553p0000-H_l3a-ch4-mf-v1_concentrations_2023-06-14.tif,gao,20230614,193553,809004.0,3908968.0,809284.0,3909283.0,EPSG:32610,80,90,28.61,,,,1
GAO20230614t193553p0000-H_l3a-vis-ch4-mf-v002_plume_2023-06-14.tif,gao,20230614,193553,808979.5,3908975.0,809329.5,3909325.0,EPSG:32610,100,100,39.84,,,,1
GAO20230616t181741p0000-A_l3a-ch4-mf-v1_concentrations_2023-06-16.tif,gao,20230616,181741,858067.0,3930797.5,858214.0,3930916.5,EPSG:32610,42,34,6.04,,,,1
GAO20230616t181741p0000-A_l3a-vis-ch4-mf-v002_plume_2023-06-16.tif,gao,20230616,181741,857969.0,3930678.5,858319.0,3931028.5,EPSG:32610,100,100,39.84,,,,1
GAO20230620t185446p0000-B_l3a-ime-ch4-mf-v1_ime-cmf-concentrations_2023-06-20.tif,gao,20230620,185446,791283.5,3953400.5,791420.0,3953537.0,EPSG:32610,39,39,6.65,,,,1
GAO20230620t185446p0000-B_l3a-vis-ch4-mf-v002_plume_2023-06-20.tif,gao,20230620,185446,791175.0,3953285.0,791528.5,3953638.5,EPSG:32610,101,101,48.13,,,,1
GAO20230620t200611p0000-G_l3a-ime-ch4-mf-v1_ime-cmf-concentrations_2023-06-20.tif,gao,20230620,200611,859141.5,3932162.5,859719.0,3932740.0,EPSG:32610,165,165,107.22,,,,1
GAO20230620t200611p0000-G_l3a-vis-ch4-mf-v002_plume_2023-06-20.tif,gao,20230620,200611,859250.0,3932194.0,859603.5,3932547.5,EPSG:32610,101,101,40.63,,,,1
GAO20230620t200611p0000-N_l3a-ime-ch4-mf-v1_ime-cmf-concentrations_2023-06-20.tif,gao,20230620,200611,859096.0,3932152.0,859673.5,3932729.5,EPSG:32610,165,165,107.22,,,,1
GAO20230620t200611p0000-N_l3a-vis-ch4-mf-v002_plume_2023-06-20.tif,gao,20230620,200611,859250.0,3932194.0,859603.5,3932547.5,EPSG:32610,101,101,40.63,,,,1
GAO20230620t201211p0000-B_l3a-ime-ch4-mf-v1_ime-cmf-concentrations_2023-06-20.tif,gao,20230620,201211,859295.5,3932355.0,859453.0,3932512.5,EPSG:32610,45,45,8.62,,,,1
GAO20230620t201211p0000-B_l3a-vis-ch4-mf-v002_plume_2023-06-20.tif,gao,20230620,201211,859232.5,3932201.0,859582.5,3932554.5,EPSG:32610,100,101,4.69,,,,1
GAO20230620t201211p0000-O_l3a-ime-ch4-mf-v1_ime-cmf-concentrations_2023-06-20.tif,gao,20230620,201211,859141.5,3932162.5,859719.0,3932740.0,EPSG:32610,165,165,107.22,,,,1
GAO20230620t201211p0000-O_l3a-vis-ch4-mf-v002_plume_2023-06-20.tif,gao,20230620,201211,859232.5,3932243.0,859582.5,3932593.0,EPSG:32610,100,100,39.84,,,,1
GAO20230620t201746p0000-A_l3a-ch4-mf-v1_concentrations_2023-06-20.tif,gao,20230620,201746,858077.5,3930720.5,858343.5,3930923.5,EPSG:32610,76,58,17.7,,,,1
GAO20230620t201746p0000-A_l3a-vis-ch4-mf-v002_plume_2023-06-20.tif,gao,20230620,201746,858025.0,3930657.5,858375.0,3931011.0,EPSG:32610,100,101,47.66,,,,1
GAO20230627t181320p0000-D_l3a-ime-ch4-mf-v1_ime-cmf-concentrations_2023-06-27.tif,gao,20230627,181320,808962.0,3908912.0,809448.5,3909398.5,EPSG:32610,139,139,76.84,,,,1
GAO20230627t181320p0000-D_l3a-vis-ch4-mf-v002_plume_2023-06-27.tif,gao,20230627,181320,809014.5,3908964.5,809368.0,3909318.0,EPSG:32610,101,101,7.01,,,,1
GAO20230627t184228p0000-A_l3a-ch4-mf-v1_concentrations_2023-06-27.tif,gao,20230627,184228,824341.0,3889704.0,824453.0,3889854.5,EPSG:32610,32,43,5.84,,,,1
GAO20230627t184228p0000-A_l3a-vis-ch4-mf-v002_plume_2023-06-27.tif,gao,20230627,184228,824215.0,3889595.5,824568.5,3889949.0,EPSG:32610,101,101,48.13,,,,1
GAO20230628t163422p0000-E_l3a-ime-co2-mfal-v1_ime-cmf-concentrations_2023-06-28.tif,gao,20230628,163422,859197.5,3931711.0,859761.0,3932274.5,EPSG:32610,161,161,106.53,,,,1
GAO20230628t163422p0000-E_l3a-vis-co2-mfa-v002_plume_2023-06-28.tif,gao,20230628,163422,859337.5,3931851.0,859691.0,3932204.5,EPSG:32610,101,101,48.13,,,,1
GAO20230628t191011p0000-C_l3a-ime-ch4-mf-v1_ime-cmf-concentrations_2023-06-28.tif,gao,20230628,191011,859372.5,3932393.5,859516.0,3932537.0,EPSG:32610,41,41,7.27,,,,1
GAO20230628t191011p0000-C_l3a-vis-ch4-mf-v002_plume_2023-06-28.tif,gao,20230628,191011,859271.0,3932285.0,859624.5,3932635.0,EPSG:32610,101,100,3.93,,,,1
tan20240919t143734c00s4001-A_l3a-ime-ch4-mfa-v3_ime-cmf-concentrations_2024-09-19.tif,tan,20240919,143734,382050.0,6511410.0,384180.0,6513540.0,EPSG:32720,71,71,24.04,,,,1
tan20240919t143734c00s4001-A_l3a-vis-ch4-mfa-v3_plume_2024-09-19.tif,tan,20240919,143734,382110.0,6510750.0,385140.0,6513780.0,EPSG:32720,101,101,6.07,,,,1
tan20240930t143556c00s4001-A_l3a-ime-ch4-mfa-v3_ime-cmf-concentrations_2024-09-30.tif,tan,20240930,143556,382410.0,6511620.0,384000.0,6513210.0,EPSG:32720,53,53,11.7,,,,1
tan20240930t143556c00s4001-A_l3a-vis-ch4-mfa-v3_plume_2024-09-30.tif,tan,20240930,143556,381990.0,6510480.0,385020.0,6513510.0,EPSG:32720,101,101,4.32,,,,1
tan20240930t190233c00s4001-A_l3a-ime-ch4-mfa-v3_ime-cmf-concentrations_2024-09-30.tif,tan,20240930,190233,313440.0,3924990.0,314310.0,3925860.0,EPSG:32611,29,29,3.99,,,,1
tan20240930t190233c00s4001-A_l3a-vis-ch4-mfa-v3_plume_2024-09-30.tif,tan,20240930,190233,312330.0,3924060.0,315360.0,3927060.0,EPSG:32611,101,100,3.23,,,,1
tan20250203t191818c00s4001-A_l3a-ime-ch4-mfa-v3_ime-cmf-concentrations_2025-02-03.tif,tan,20250203,191818,262470.0,3905970.0,264480.0,3907980.0,EPSG:32611,67,67,18.28,,,,1
tan20250203t191818c00s4001-A_l3a-vis-ch4-mfa-v3_plume_2025-02-03.tif,tan,20250203,191818,262140.0,3905340.0,265140.0,3908370.0,EPSG:32611,100,101,4.95,,,,1
tan20250317t145639c00s4001-A_l3a-ime-ch4-mfa-v3_ime-cmf-concentrations_2025-03-17.tif,tan,20250317,145639,381510.0,6510720.0,384900.0,6514110.0,EPSG:32720,113,113,56.41,,,,1
tan20250317t145639c00s4001-A_l3a-vis-ch4-mfa-v3_plume_2025-03-17.tif,tan,20250317,145639,381090.0,6509820.0,384120.0,6512820.0,EPSG:32720,101,100,6.24,,,,1
tan20250405t144543c00s4001-A_l3a-ime-ch4-mfa-v3_ime-cmf-concentrations_2025-04-05.tif,tan,20250405,144543,381660.0,6510780.0,384690.0,6513810.0,EPSG:32720,101,101,48.12,,,,1
tan20250405t144543c00s4001-A_l3a-vis-ch4-mfa-v3_plume_2025-04-05.tif,tan,20250405,144543,381060.0,6510270.0,384060.0,6513270.0,EPSG:32720,100,100,5.35,,,,1
tan20250429t142242c00s4001-A_l3a-ime-ch4-mfa-v3_ime-cmf-concentrations_2025-04-29.tif,tan,20250429,142242,581610.0,6141960.0,583740.0,6144090.0,EPSG:32721,71,71,20.43,,,,1
tan20250429t142242c00s4001-A_l3a-vis-ch4-mfa-v3_plume_2025-04-29.tif,tan,20250429,142242,581400.0,6142320.0,584400.0,6145350.0,EPSG:32721,100,101,8.68,,,,1
tan20250607t191618c33s4001-B_l3a-ime-ch4-mfa-v3_ime-cmf-concentrations_2025-06-07.tif,tan,20250607,191618,262920.0,3906540.0,263910.0,3907530.0,EPSG:32611,33,33,4.96,,,,1
tan20250607t191618c33s4001-B_l3a-vis-ch4-mfa-v3_plume_2025-06-07.tif,tan,20250607,191618,261840.0,3905670.0,264840.0,3908700.0,EPSG:32611,100,101,4.58,,,,1
tan20250609t192940c02s4001-D_l3a-ime-ch4-mfa-v3_ime-cmf-concentrations_2025-06-09.tif,tan,20250609,192940,262920.0,3906300.0,263970.0,3907350.0,EPSG:32611,35,35,5.49,,,,1
tan20250609t192940c02s4001-D_l3a-vis-ch4-mfa-v3_plume_2025-06-09.tif,tan,20250609,192940,261870.0,3905220.0,264870.0,3908250.0,EPSG:32611,100,101,3.19,,,,1
tan20250610t142811c36s4001-A_l3a-ime-ch4-mfa-v3_ime-cmf-concentrations_2025-06-10.tif,tan,20250610,142811,581940.0,6142170.0,583230.0,6143460.0,EPSG:32721,43,43,7.93,,,,1
tan20250610t142811c36s4001-A_l3a-vis-ch4-mfa-v3_plume_2025-06-10.tif,tan,20250610,142811,582120.0,6139050.0,587670.0,6144630.0,EPSG:32721,185,186,15.2,,,,1
tan20250621t191825c25s4001-D_l3a-ime-ch4-mfa-v3_ime-cmf-concentrations_2025-06-21.tif,tan,20250621,191825,263100.0,3906600.0,263790.0,3907290.0,EPSG:32611,23,23,2.77,,,,1
tan20250621t191825c25s4001-D_l3a-vis-ch4-mfa-v3_plume_2025-06-21.tif,tan,20250621,191825,261930.0,3905370.0,264930.0,3908400.0,EPSG:32611,100,101,2.8,,,,1
tan20250705t192043c21s4001-C_l3a-ime-ch4-mfa-v3_ime-cmf-concentrations_2025-07-05.tif,tan,20250705,192043,263250.0,3906690.0,263760.0,3907200.0,EPSG:32611,17,17,1.84,,,,1
tan20250705t192043c21s4001-C_l3a-vis-ch4-mfa-v3_plume_2025-07-05.tif,tan,20250705,192043,261930.0,3905490.0,264960.0,3908490.0,EPSG:32611,101,100,2.75,,,,1
tan20250707t151141c33s4001-A_l3a-ime-ch4-mfa-v3_ime-cmf-concentrations_2025-07-07.tif,tan,20250707,151141,382320.0,6511680.0,384150.0,6513510.0,EPSG:32720,61,61,15.26,,,,1
tan20250707t151141c33s4001-A_l3a-vis-ch4-mfa-v3_plume_2025-07-07.tif,tan,20250707,151141,379410.0,6511920.0,385380.0,6517920.0,EPSG:32720,199,200,13.54,,,,1
tan20250707t151141c33s4001-B_l3a-ime-ch4-mfa-v3_ime-cmf-concentrations_2025-07-07.tif,tan,20250707,151141,382620.0,6512190.0,383010.0,6512580.0,EPSG:32720,13,13,1.37,,,,1
tan20250707t151141c33s4001-B_l3a-vis-ch4-mfa-v3_plume_2025-07-07.tif,tan,20250707,151141,379320.0,6511920.0,385440.0,6518040.0,EPSG:32720,204,204,14.53,,,,1
tan20250802t192420c21s4001-B_l3a-ime-ch4-mfa-v3_ime-cmf-concentrations_2025-08-02.tif,tan,20250802,192420,263130.0,3906630.0,263820.0,3907320.0,EPSG:32611,23,23,2.77,,,,1
tan20250802t192420c21s4001-B_l3a-vis-ch4-mfa-v3_plume_2025-08-02.tif,tan,20250802,192420,261810.0,3905250.0,264810.0,3908280.0,EPSG:32611,100,101,3.16,,,,1
tan20250825t151817c73s4001-A_l3a-ime-ch4-mfa-v3_ime-cmf-concentrations_2025-08-25.tif,tan,20250825,151817,381660.0,6511080.0,384630.0,6514050.0,EPSG:32720,99,99,39.44,,,,1
tan20250825t151817c73s4001-A_l3a-vis-ch4-mfa-v3_plume_2025-08-25.tif,tan,20250825,151817,379380.0,6511080.0,383520.0,6515220.0,EPSG:32720,138,138,9.32,,,,1
tan20250826t143923c11s4001-A_l3a-ime-ch4-mfa-v3_ime-cmf-concentrations_2025-08-26.tif,tan,20250826,143923,582210.0,6142560.0,582900.0,6143250.0,EPSG:32721,23,23,2.77,,,,1
tan20250826t143923c11s4001-A_l3a-vis-ch4-mfa-v3_plume_2025-08-26.tif,tan,20250826,143923,578910.0,6138840.0,583800.0,6143730.0,EPSG:32721,163,163,22.11,,,,1
tan20250826t143923c11s4001-B_l3a-ime-ch4-mfa-v3_ime-cmf-concentrations_2025-08-26.tif,tan,20250826,143923,581310.0,6141270.0,584220.0,6144180.0,EPSG:32721,97,97,40.55,,,,1
tan20250826t143923c11s4001-B_l3a-vis-ch4-mfa-v3_plume_2025-08-26.tif,tan,20250826,143923,579510.0,6139110.0,583890.0,6143520.0,EPSG:32721,146,147,17.74,,,,1
synthetic_neg_001.tif,synthetic,,,,,,,EPSG:4326,128,128,16.37,,,,0
synthetic_neg_002.tif,synthetic,,,,,,,EPSG:4326,128,128,16.37,,,,0
synthetic_neg_003.tif,synthetic,,,,,,,EPSG:4326,128,128,16.37,,,,0
synthetic_neg_004.tif,synthetic,,,,,,,EPSG:4326,128,128,16.37,,,,0
synthetic_neg_005.tif,synthetic,,,,,,,EPSG:4326,128,128,16.37,,,,0
synthetic_neg_006.tif,synthetic,,,,,,,EPSG:4326,128,128,16.37,,,,0
synthetic_neg_007.tif,synthetic,,,,,,,EPSG:4326,128,128,16.37,,,,0
synthetic_neg_008.tif,synthetic,,,,,,,EPSG:4326,128,128,16.37,,,,0
synthetic_neg_009.tif,synthetic,,,,,,,EPSG:4326,128,128,16.37,,,,0
synthetic_neg_010.tif,synthetic,,,,,,,EPSG:4326,128,128,16.37,,,,0
synthetic_neg_011.tif,synthetic,,,,,,,EPSG:4326,128,128,16.37,,,,0
synthetic_neg_012.tif,synthetic,,,,,,,EPSG:4326,128,128,16.37,,,,0
synthetic_neg_013.tif,synthetic,,,,,,,EPSG:4326,128,128,16.37,,,,0
synthetic_neg_014.tif,synthetic,,,,,,,EPSG:4326,128,128,16.37,,,,0
synthetic_neg_015.tif,synthetic,,,,,,,EPSG:4326,128,128,16.37,,,,0
synthetic_neg_016.tif,synthetic,,,,,,,EPSG:4326,128,128,16.37,,,,0
synthetic_neg_017.tif,synthetic,,,,,,,EPSG:4326,128,128,16.37,,,,0
synthetic_neg_018.tif,synthetic,,,,,,,EPSG:4326,128,128,16.37,,,,0
synthetic_neg_019.tif,synthetic,,,,,,,EPSG:4326,128,128,16.37,,,,0
synthetic_neg_020.tif,synthetic,,,,,,,EPSG:4326,128,128,16.37,,,,0
synthetic_neg_021.tif,synthetic,,,,,,,EPSG:4326,128,128,16.37,,,,0
synthetic_neg_022.tif,synthetic,,,,,,,EPSG:4326,128,128,16.37,,,,0
synthetic_neg_023.tif,synthetic,,,,,,,EPSG:4326,128,128,16.37,,,,0
synthetic_neg_024.tif,synthetic,,,,,,,EPSG:4326,128,128,16.37,,,,0
synthetic_neg_025.tif,synthetic,,,,,,,EPSG:4326,128,128,16.37,,,,0
synthetic_neg_026.tif,synthetic,,,,,,,EPSG:4326,128,128,16.37,,,,0
synthetic_neg_027.tif,synthetic,,,,,,,EPSG:4326,128,128,16.37,,,,0
synthetic_neg_028.tif,synthetic,,,,,,,EPSG:4326,128,128,16.37,,,,0
synthetic_neg_029.tif,synthetic,,,,,,,EPSG:4326,128,128,16.37,,,,0
synthetic_neg_030.tif,synthetic,,,,,,,EPSG:4326,128,128,16.37,,,,0
synthetic_neg_031.tif,synthetic,,,,,,,EPSG:4326,128,128,16.37,,,,0
synthetic_neg_032.tif,synthetic,,,,,,,EPSG:4326,128,128,16.37,,,,0
synthetic_neg_033.tif,synthetic,,,,,,,EPSG:4326,128,128,16.37,,,,0
synthetic_neg_034.tif,synthetic,,,,,,,EPSG:4326,128,128,16.37,,,,0
synthetic_neg_035.tif,synthetic,,,,,,,EPSG:4326,128,128,16.37,,,,0
synthetic_neg_036.tif,synthetic,,,,,,,EPSG:4326,128,128,16.37,,,,0
synthetic_neg_037.tif,synthetic,,,,,,,EPSG:4326,128,128,16.37,,,,0
synthetic_neg_038.tif,synthetic,,,,,,,EPSG:4326,128,128,16.37,,,,0
synthetic_neg_039.tif,synthetic,,,,,,,EPSG:4326,128,128,16.37,,,,0
synthetic_neg_040.tif,synthetic,,,,,,,EPSG:4326,128,128,16.37,,,,0
synthetic_neg_041.tif,synthetic,,,,,,,EPSG:4326,128,128,16.37,,,,0
synthetic_neg_042.tif,synthetic,,,,,,,EPSG:4326,128,128,16.37,,,,0
synthetic_neg_043.tif,synthetic,,,,,,,EPSG:4326,128,128,16.37,,,,0
synthetic_neg_044.tif,synthetic,,,,,,,EPSG:4326,128,128,16.37,,,,0
synthetic_neg_045.tif,synthetic,,,,,,,EPSG:4326,128,128,16.37,,,,0
synthetic_neg_046.tif,synthetic,,,,,,,EPSG:4326,128,128,16.37,,,,0
synthetic_neg_047.tif,synthetic,,,,,,,EPSG:4326,128,128,16.37,,,,0
synthetic_neg_048.tif,synthetic,,,,,,,EPSG:4326,128,128,16.37,,,,0
synthetic_neg_049.tif,synthetic,,,,,,,EPSG:4326,128,128,16.37,,,,0
synthetic_neg_050.tif,synthetic,,,,,,,EPSG:4326,128,128,16.37,,,,0
